-- phpMyAdmin SQL Dump
-- version 5.0.1
-- https://www.phpmyadmin.net/
--
-- Hôte : 127.0.0.1
-- Généré le : jeu. 25 nov. 2021 à 21:33
-- Version du serveur :  10.4.11-MariaDB
-- Version de PHP : 7.4.3

SET SQL_MODE = "NO_AUTO_VALUE_ON_ZERO";
SET AUTOCOMMIT = 0;
START TRANSACTION;
SET time_zone = "+00:00";


/*!40101 SET @OLD_CHARACTER_SET_CLIENT=@@CHARACTER_SET_CLIENT */;
/*!40101 SET @OLD_CHARACTER_SET_RESULTS=@@CHARACTER_SET_RESULTS */;
/*!40101 SET @OLD_COLLATION_CONNECTION=@@COLLATION_CONNECTION */;
/*!40101 SET NAMES utf8mb4 */;

--
-- Base de données : `pokemon`
--

-- --------------------------------------------------------

--
-- Structure de la table `pokemon`
--

CREATE TABLE `pokemon` (
  `idpokemon` int(11) NOT NULL,
  `name` varchar(45) NOT NULL,
  `height` int(11) NOT NULL,
  `weight` int(11) NOT NULL,
  `isStarter` tinyint(4) NOT NULL
) ENGINE=InnoDB DEFAULT CHARSET=utf8mb4;

--
-- Déchargement des données de la table `pokemon`
--

INSERT INTO `pokemon` (`idpokemon`, `name`, `height`, `weight`, `isStarter`) VALUES
(1, 'bulbasaur', 7, 69, 1),
(2, 'ivysaur', 10, 130, 1),
(3, 'venusaur', 20, 1000, 1),
(4, 'charmander', 6, 85, 1),
(5, 'charmeleon', 11, 190, 1),
(6, 'charizard', 17, 905, 1),
(7, 'squirtle', 5, 90, 1),
(8, 'wartortle', 10, 225, 1),
(9, 'blastoise', 16, 855, 1),
(10, 'caterpie', 3, 29, 1),
(11, 'metapod', 7, 99, 1),
(12, 'butterfree', 11, 320, 1),
(13, 'weedle', 3, 32, 1),
(14, 'kakuna', 6, 100, 1),
(15, 'beedrill', 10, 295, 1),
(16, 'pidgey', 3, 18, 1),
(17, 'pidgeotto', 11, 300, 1),
(18, 'pidgeot', 15, 395, 1),
(19, 'rattata', 3, 35, 1),
(20, 'raticate', 7, 185, 1),
(21, 'spearow', 3, 20, 1),
(22, 'fearow', 12, 380, 1),
(23, 'ekans', 20, 69, 1),
(24, 'arbok', 35, 650, 1),
(25, 'pikachu', 4, 60, 1),
(26, 'raichu', 8, 300, 1),
(27, 'sandshrew', 6, 120, 1),
(28, 'sandslash', 10, 295, 1),
(29, 'nidoran-f', 4, 70, 1),
(30, 'nidorina', 8, 200, 1),
(31, 'nidoqueen', 13, 600, 1),
(32, 'nidoran-m', 5, 90, 1),
(33, 'nidorino', 9, 195, 1),
(34, 'nidoking', 14, 620, 1),
(35, 'clefairy', 6, 75, 1),
(36, 'clefable', 13, 400, 1),
(37, 'vulpix', 6, 99, 1),
(38, 'ninetales', 11, 199, 1),
(39, 'jigglypuff', 5, 55, 1),
(40, 'wigglytuff', 10, 120, 1),
(41, 'zubat', 8, 75, 1),
(42, 'golbat', 16, 550, 1),
(43, 'oddish', 5, 54, 1),
(44, 'gloom', 8, 86, 1),
(45, 'vileplume', 12, 186, 1),
(46, 'paras', 3, 54, 1),
(47, 'parasect', 10, 295, 1),
(48, 'venonat', 10, 300, 1),
(49, 'venomoth', 15, 125, 1),
(50, 'diglett', 2, 8, 1),
(51, 'dugtrio', 7, 333, 1),
(52, 'meowth', 4, 42, 1),
(53, 'persian', 10, 320, 1),
(54, 'psyduck', 8, 196, 1),
(55, 'golduck', 17, 766, 1),
(56, 'mankey', 5, 280, 1),
(57, 'primeape', 10, 320, 1),
(58, 'growlithe', 7, 190, 1),
(59, 'arcanine', 19, 1550, 1),
(60, 'poliwag', 6, 124, 1),
(61, 'poliwhirl', 10, 200, 1),
(62, 'poliwrath', 13, 540, 1),
(63, 'abra', 9, 195, 1),
(64, 'kadabra', 13, 565, 1),
(65, 'alakazam', 15, 480, 1),
(66, 'machop', 8, 195, 1),
(67, 'machoke', 15, 705, 1),
(68, 'machamp', 16, 1300, 1),
(69, 'bellsprout', 7, 40, 1),
(70, 'weepinbell', 10, 64, 1),
(71, 'victreebel', 17, 155, 1),
(72, 'tentacool', 9, 455, 1),
(73, 'tentacruel', 16, 550, 1),
(74, 'geodude', 4, 200, 1),
(75, 'graveler', 10, 1050, 1),
(76, 'golem', 14, 3000, 1),
(77, 'ponyta', 10, 300, 1),
(78, 'rapidash', 17, 950, 1),
(79, 'slowpoke', 12, 360, 1),
(80, 'slowbro', 16, 785, 1),
(81, 'magnemite', 3, 60, 1),
(82, 'magneton', 10, 600, 1),
(83, 'farfetchd', 8, 150, 1),
(84, 'doduo', 14, 392, 1),
(85, 'dodrio', 18, 852, 1),
(86, 'seel', 11, 900, 1),
(87, 'dewgong', 17, 1200, 1),
(88, 'grimer', 9, 300, 1),
(89, 'muk', 12, 300, 1),
(90, 'shellder', 3, 40, 1),
(91, 'cloyster', 15, 1325, 1),
(92, 'gastly', 13, 1, 1),
(93, 'haunter', 16, 1, 1),
(94, 'gengar', 15, 405, 1),
(95, 'onix', 88, 2100, 1),
(96, 'drowzee', 10, 324, 1),
(97, 'hypno', 16, 756, 1),
(98, 'krabby', 4, 65, 1),
(99, 'kingler', 13, 600, 1),
(100, 'voltorb', 5, 104, 1),
(101, 'electrode', 12, 666, 1),
(102, 'exeggcute', 4, 25, 1),
(103, 'exeggutor', 20, 1200, 1),
(104, 'cubone', 4, 65, 1),
(105, 'marowak', 10, 450, 1),
(106, 'hitmonlee', 15, 498, 1),
(107, 'hitmonchan', 14, 502, 1),
(108, 'lickitung', 12, 655, 1),
(109, 'koffing', 6, 10, 1),
(110, 'weezing', 12, 95, 1),
(111, 'rhyhorn', 10, 1150, 1),
(112, 'rhydon', 19, 1200, 1),
(113, 'chansey', 11, 346, 1),
(114, 'tangela', 10, 350, 1),
(115, 'kangaskhan', 22, 800, 1),
(116, 'horsea', 4, 80, 1),
(117, 'seadra', 12, 250, 1),
(118, 'goldeen', 6, 150, 1),
(119, 'seaking', 13, 390, 1),
(120, 'staryu', 8, 345, 1),
(121, 'starmie', 11, 800, 1),
(122, 'mr-mime', 13, 545, 1),
(123, 'scyther', 15, 560, 1),
(124, 'jynx', 14, 406, 1),
(125, 'electabuzz', 11, 300, 1),
(126, 'magmar', 13, 445, 1),
(127, 'pinsir', 15, 550, 1),
(128, 'tauros', 14, 884, 1),
(129, 'magikarp', 9, 100, 1),
(130, 'gyarados', 65, 2350, 1),
(131, 'lapras', 25, 2200, 1),
(132, 'ditto', 3, 40, 1),
(133, 'eevee', 3, 65, 1),
(134, 'vaporeon', 10, 290, 1),
(135, 'jolteon', 8, 245, 1),
(136, 'flareon', 9, 250, 1),
(137, 'porygon', 8, 365, 1),
(138, 'omanyte', 4, 75, 1),
(139, 'omastar', 10, 350, 1),
(140, 'kabuto', 5, 115, 1),
(141, 'kabutops', 13, 405, 1),
(142, 'aerodactyl', 18, 590, 1),
(143, 'snorlax', 21, 4600, 1),
(144, 'articuno', 17, 554, 1),
(145, 'zapdos', 16, 526, 1),
(146, 'moltres', 20, 600, 1),
(147, 'dratini', 18, 33, 1),
(148, 'dragonair', 40, 165, 1),
(149, 'dragonite', 22, 2100, 1),
(150, 'mewtwo', 20, 1220, 1),
(151, 'mew', 4, 40, 1),
(152, 'chikorita', 9, 64, 1),
(153, 'bayleef', 12, 158, 1),
(154, 'meganium', 18, 1005, 1),
(155, 'cyndaquil', 5, 79, 1),
(156, 'quilava', 9, 190, 1),
(157, 'typhlosion', 17, 795, 1),
(158, 'totodile', 6, 95, 1),
(159, 'croconaw', 11, 250, 1),
(160, 'feraligatr', 23, 888, 1),
(161, 'sentret', 8, 60, 1),
(162, 'furret', 18, 325, 1),
(163, 'hoothoot', 7, 212, 1),
(164, 'noctowl', 16, 408, 1),
(165, 'ledyba', 10, 108, 1),
(166, 'ledian', 14, 356, 1),
(167, 'spinarak', 5, 85, 1),
(168, 'ariados', 11, 335, 1),
(169, 'crobat', 18, 750, 1),
(170, 'chinchou', 5, 120, 1),
(171, 'lanturn', 12, 225, 1),
(172, 'pichu', 3, 20, 1),
(173, 'cleffa', 3, 30, 1),
(174, 'igglybuff', 3, 10, 1),
(175, 'togepi', 3, 15, 1),
(176, 'togetic', 6, 32, 1),
(177, 'natu', 2, 20, 1),
(178, 'xatu', 15, 150, 1),
(179, 'mareep', 6, 78, 1),
(180, 'flaaffy', 8, 133, 1),
(181, 'ampharos', 14, 615, 1),
(182, 'bellossom', 4, 58, 1),
(183, 'marill', 4, 85, 1),
(184, 'azumarill', 8, 285, 1),
(185, 'sudowoodo', 12, 380, 1),
(186, 'politoed', 11, 339, 1),
(187, 'hoppip', 4, 5, 1),
(188, 'skiploom', 6, 10, 1),
(189, 'jumpluff', 8, 30, 1),
(190, 'aipom', 8, 115, 1),
(191, 'sunkern', 3, 18, 1),
(192, 'sunflora', 8, 85, 1),
(193, 'yanma', 12, 380, 1),
(194, 'wooper', 4, 85, 1),
(195, 'quagsire', 14, 750, 1),
(196, 'espeon', 9, 265, 1),
(197, 'umbreon', 10, 270, 1),
(198, 'murkrow', 5, 21, 1),
(199, 'slowking', 20, 795, 1),
(200, 'misdreavus', 7, 10, 1),
(201, 'unown', 5, 50, 1),
(202, 'wobbuffet', 13, 285, 1),
(203, 'girafarig', 15, 415, 1),
(204, 'pineco', 6, 72, 1),
(205, 'forretress', 12, 1258, 1),
(206, 'dunsparce', 15, 140, 1),
(207, 'gligar', 11, 648, 1),
(208, 'steelix', 92, 4000, 1),
(209, 'snubbull', 6, 78, 1),
(210, 'granbull', 14, 487, 1),
(211, 'qwilfish', 5, 39, 1),
(212, 'scizor', 18, 1180, 1),
(213, 'shuckle', 6, 205, 1),
(214, 'heracross', 15, 540, 1),
(215, 'sneasel', 9, 280, 1),
(216, 'teddiursa', 6, 88, 1),
(217, 'ursaring', 18, 1258, 1),
(218, 'slugma', 7, 350, 1),
(219, 'magcargo', 8, 550, 1),
(220, 'swinub', 4, 65, 1),
(221, 'piloswine', 11, 558, 1),
(222, 'corsola', 6, 50, 1),
(223, 'remoraid', 6, 120, 1),
(224, 'octillery', 9, 285, 1),
(225, 'delibird', 9, 160, 1),
(226, 'mantine', 21, 2200, 1),
(227, 'skarmory', 17, 505, 1),
(228, 'houndour', 6, 108, 1),
(229, 'houndoom', 14, 350, 1),
(230, 'kingdra', 18, 1520, 1),
(231, 'phanpy', 5, 335, 1),
(232, 'donphan', 11, 1200, 1),
(233, 'porygon2', 6, 325, 1),
(234, 'stantler', 14, 712, 1),
(235, 'smeargle', 12, 580, 1),
(236, 'tyrogue', 7, 210, 1),
(237, 'hitmontop', 14, 480, 1),
(238, 'smoochum', 4, 60, 1),
(239, 'elekid', 6, 235, 1),
(240, 'magby', 7, 214, 1),
(241, 'miltank', 12, 755, 1),
(242, 'blissey', 15, 468, 1),
(243, 'raikou', 19, 1780, 1),
(244, 'entei', 21, 1980, 1),
(245, 'suicune', 20, 1870, 1),
(246, 'larvitar', 6, 720, 1),
(247, 'pupitar', 12, 1520, 1),
(248, 'tyranitar', 20, 2020, 1),
(249, 'lugia', 52, 2160, 1),
(250, 'ho-oh', 38, 1990, 1),
(251, 'celebi', 6, 50, 1),
(252, 'treecko', 5, 50, 1),
(253, 'grovyle', 9, 216, 1),
(254, 'sceptile', 17, 522, 1),
(255, 'torchic', 4, 25, 1),
(256, 'combusken', 9, 195, 1),
(257, 'blaziken', 19, 520, 1),
(258, 'mudkip', 4, 76, 1),
(259, 'marshtomp', 7, 280, 1),
(260, 'swampert', 15, 819, 1),
(261, 'poochyena', 5, 136, 1),
(262, 'mightyena', 10, 370, 1),
(263, 'zigzagoon', 4, 175, 1),
(264, 'linoone', 5, 325, 1),
(265, 'wurmple', 3, 36, 1),
(266, 'silcoon', 6, 100, 1),
(267, 'beautifly', 10, 284, 1),
(268, 'cascoon', 7, 115, 1),
(269, 'dustox', 12, 316, 1),
(270, 'lotad', 5, 26, 1),
(271, 'lombre', 12, 325, 1),
(272, 'ludicolo', 15, 550, 1),
(273, 'seedot', 5, 40, 1),
(274, 'nuzleaf', 10, 280, 1),
(275, 'shiftry', 13, 596, 1),
(276, 'taillow', 3, 23, 1),
(277, 'swellow', 7, 198, 1),
(278, 'wingull', 6, 95, 1),
(279, 'pelipper', 12, 280, 1),
(280, 'ralts', 4, 66, 1),
(281, 'kirlia', 8, 202, 1),
(282, 'gardevoir', 16, 484, 1),
(283, 'surskit', 5, 17, 1),
(284, 'masquerain', 8, 36, 1),
(285, 'shroomish', 4, 45, 1),
(286, 'breloom', 12, 392, 1),
(287, 'slakoth', 8, 240, 1),
(288, 'vigoroth', 14, 465, 1),
(289, 'slaking', 20, 1305, 1),
(290, 'nincada', 5, 55, 1),
(291, 'ninjask', 8, 120, 1),
(292, 'shedinja', 8, 12, 1),
(293, 'whismur', 6, 163, 1),
(294, 'loudred', 10, 405, 1),
(295, 'exploud', 15, 840, 1),
(296, 'makuhita', 10, 864, 1),
(297, 'hariyama', 23, 2538, 1),
(298, 'azurill', 2, 20, 1),
(299, 'nosepass', 10, 970, 1),
(300, 'skitty', 6, 110, 1),
(301, 'delcatty', 11, 326, 1),
(302, 'sableye', 5, 110, 1),
(303, 'mawile', 6, 115, 1),
(304, 'aron', 4, 600, 1),
(305, 'lairon', 9, 1200, 1),
(306, 'aggron', 21, 3600, 1),
(307, 'meditite', 6, 112, 1),
(308, 'medicham', 13, 315, 1),
(309, 'electrike', 6, 152, 1),
(310, 'manectric', 15, 402, 1),
(311, 'plusle', 4, 42, 1),
(312, 'minun', 4, 42, 1),
(313, 'volbeat', 7, 177, 1),
(314, 'illumise', 6, 177, 1),
(315, 'roselia', 3, 20, 1),
(316, 'gulpin', 4, 103, 1),
(317, 'swalot', 17, 800, 1),
(318, 'carvanha', 8, 208, 1),
(319, 'sharpedo', 18, 888, 1),
(320, 'wailmer', 20, 1300, 1),
(321, 'wailord', 145, 3980, 1),
(322, 'numel', 7, 240, 1),
(323, 'camerupt', 19, 2200, 1),
(324, 'torkoal', 5, 804, 1),
(325, 'spoink', 7, 306, 1),
(326, 'grumpig', 9, 715, 1),
(327, 'spinda', 11, 50, 1),
(328, 'trapinch', 7, 150, 1),
(329, 'vibrava', 11, 153, 1),
(330, 'flygon', 20, 820, 1),
(331, 'cacnea', 4, 513, 1),
(332, 'cacturne', 13, 774, 1),
(333, 'swablu', 4, 12, 1),
(334, 'altaria', 11, 206, 1),
(335, 'zangoose', 13, 403, 1),
(336, 'seviper', 27, 525, 1),
(337, 'lunatone', 10, 1680, 1),
(338, 'solrock', 12, 1540, 1),
(339, 'barboach', 4, 19, 1),
(340, 'whiscash', 9, 236, 1),
(341, 'corphish', 6, 115, 1),
(342, 'crawdaunt', 11, 328, 1),
(343, 'baltoy', 5, 215, 1),
(344, 'claydol', 15, 1080, 1),
(345, 'lileep', 10, 238, 1),
(346, 'cradily', 15, 604, 1),
(347, 'anorith', 7, 125, 1),
(348, 'armaldo', 15, 682, 1),
(349, 'feebas', 6, 74, 1),
(350, 'milotic', 62, 1620, 1),
(351, 'castform', 3, 8, 1),
(352, 'kecleon', 10, 220, 1),
(353, 'shuppet', 6, 23, 1),
(354, 'banette', 11, 125, 1),
(355, 'duskull', 8, 150, 1),
(356, 'dusclops', 16, 306, 1),
(357, 'tropius', 20, 1000, 1),
(358, 'chimecho', 6, 10, 1),
(359, 'absol', 12, 470, 1),
(360, 'wynaut', 6, 140, 1),
(361, 'snorunt', 7, 168, 1),
(362, 'glalie', 15, 2565, 1),
(363, 'spheal', 8, 395, 1),
(364, 'sealeo', 11, 876, 1),
(365, 'walrein', 14, 1506, 1),
(366, 'clamperl', 4, 525, 1),
(367, 'huntail', 17, 270, 1),
(368, 'gorebyss', 18, 226, 1),
(369, 'relicanth', 10, 234, 1),
(370, 'luvdisc', 6, 87, 1),
(371, 'bagon', 6, 421, 1),
(372, 'shelgon', 11, 1105, 1),
(373, 'salamence', 15, 1026, 1),
(374, 'beldum', 6, 952, 1),
(375, 'metang', 12, 2025, 1),
(376, 'metagross', 16, 5500, 1),
(377, 'regirock', 17, 2300, 1),
(378, 'regice', 18, 1750, 1),
(379, 'registeel', 19, 2050, 1),
(380, 'latias', 14, 400, 1),
(381, 'latios', 20, 600, 1),
(382, 'kyogre', 45, 3520, 1),
(383, 'groudon', 35, 9500, 1),
(384, 'rayquaza', 70, 2065, 1),
(385, 'jirachi', 3, 11, 1),
(386, 'deoxys-normal', 17, 608, 1),
(387, 'turtwig', 4, 102, 1),
(388, 'grotle', 11, 970, 1),
(389, 'torterra', 22, 3100, 1),
(390, 'chimchar', 5, 62, 1),
(391, 'monferno', 9, 220, 1),
(392, 'infernape', 12, 550, 1),
(393, 'piplup', 4, 52, 1),
(394, 'prinplup', 8, 230, 1),
(395, 'empoleon', 17, 845, 1),
(396, 'starly', 3, 20, 1),
(397, 'staravia', 6, 155, 1),
(398, 'staraptor', 12, 249, 1),
(399, 'bidoof', 5, 200, 1),
(400, 'bibarel', 10, 315, 1),
(401, 'kricketot', 3, 22, 1),
(402, 'kricketune', 10, 255, 1),
(403, 'shinx', 5, 95, 1),
(404, 'luxio', 9, 305, 1),
(405, 'luxray', 14, 420, 1),
(406, 'budew', 2, 12, 1),
(407, 'roserade', 9, 145, 1),
(408, 'cranidos', 9, 315, 1),
(409, 'rampardos', 16, 1025, 1),
(410, 'shieldon', 5, 570, 1),
(411, 'bastiodon', 13, 1495, 1),
(412, 'burmy', 2, 34, 1),
(413, 'wormadam-plant', 5, 65, 1),
(414, 'mothim', 9, 233, 1),
(415, 'combee', 3, 55, 1),
(416, 'vespiquen', 12, 385, 1),
(417, 'pachirisu', 4, 39, 1),
(418, 'buizel', 7, 295, 1),
(419, 'floatzel', 11, 335, 1),
(420, 'cherubi', 4, 33, 1),
(421, 'cherrim', 5, 93, 1),
(422, 'shellos', 3, 63, 1),
(423, 'gastrodon', 9, 299, 1),
(424, 'ambipom', 12, 203, 1),
(425, 'drifloon', 4, 12, 1),
(426, 'drifblim', 12, 150, 1),
(427, 'buneary', 4, 55, 1),
(428, 'lopunny', 12, 333, 1),
(429, 'mismagius', 9, 44, 1),
(430, 'honchkrow', 9, 273, 1),
(431, 'glameow', 5, 39, 1),
(432, 'purugly', 10, 438, 1),
(433, 'chingling', 2, 6, 1),
(434, 'stunky', 4, 192, 1),
(435, 'skuntank', 10, 380, 1),
(436, 'bronzor', 5, 605, 1),
(437, 'bronzong', 13, 1870, 1),
(438, 'bonsly', 5, 150, 1),
(439, 'mime-jr', 6, 130, 1),
(440, 'happiny', 6, 244, 1),
(441, 'chatot', 5, 19, 1),
(442, 'spiritomb', 10, 1080, 1),
(443, 'gible', 7, 205, 1),
(444, 'gabite', 14, 560, 1),
(445, 'garchomp', 19, 950, 1),
(446, 'munchlax', 6, 1050, 1),
(447, 'riolu', 7, 202, 1),
(448, 'lucario', 12, 540, 1),
(449, 'hippopotas', 8, 495, 1),
(450, 'hippowdon', 20, 3000, 1),
(451, 'skorupi', 8, 120, 1),
(452, 'drapion', 13, 615, 1),
(453, 'croagunk', 7, 230, 1),
(454, 'toxicroak', 13, 444, 1),
(455, 'carnivine', 14, 270, 1),
(456, 'finneon', 4, 70, 1),
(457, 'lumineon', 12, 240, 1),
(458, 'mantyke', 10, 650, 1),
(459, 'snover', 10, 505, 1),
(460, 'abomasnow', 22, 1355, 1),
(461, 'weavile', 11, 340, 1),
(462, 'magnezone', 12, 1800, 1),
(463, 'lickilicky', 17, 1400, 1),
(464, 'rhyperior', 24, 2828, 1),
(465, 'tangrowth', 20, 1286, 1),
(466, 'electivire', 18, 1386, 1),
(467, 'magmortar', 16, 680, 1),
(468, 'togekiss', 15, 380, 1),
(469, 'yanmega', 19, 515, 1),
(470, 'leafeon', 10, 255, 1),
(471, 'glaceon', 8, 259, 1),
(472, 'gliscor', 20, 425, 1),
(473, 'mamoswine', 25, 2910, 1),
(474, 'porygon-z', 9, 340, 1),
(475, 'gallade', 16, 520, 1),
(476, 'probopass', 14, 3400, 1),
(477, 'dusknoir', 22, 1066, 1),
(478, 'froslass', 13, 266, 1),
(479, 'rotom', 3, 3, 1),
(480, 'uxie', 3, 3, 1),
(481, 'mesprit', 3, 3, 1),
(482, 'azelf', 3, 3, 1),
(483, 'dialga', 54, 6830, 1),
(484, 'palkia', 42, 3360, 1),
(485, 'heatran', 17, 4300, 1),
(486, 'regigigas', 37, 4200, 1),
(487, 'giratina-altered', 45, 7500, 1),
(488, 'cresselia', 15, 856, 1),
(489, 'phione', 4, 31, 1),
(490, 'manaphy', 3, 14, 1),
(491, 'darkrai', 15, 505, 1),
(492, 'shaymin-land', 2, 21, 1),
(493, 'arceus', 32, 3200, 1),
(494, 'victini', 4, 40, 1),
(495, 'snivy', 6, 81, 1),
(496, 'servine', 8, 160, 1),
(497, 'serperior', 33, 630, 1),
(498, 'tepig', 5, 99, 1),
(499, 'pignite', 10, 555, 1),
(500, 'emboar', 16, 1500, 1),
(501, 'oshawott', 5, 59, 1),
(502, 'dewott', 8, 245, 1),
(503, 'samurott', 15, 946, 1),
(504, 'patrat', 5, 116, 1),
(505, 'watchog', 11, 270, 1),
(506, 'lillipup', 4, 41, 1),
(507, 'herdier', 9, 147, 1),
(508, 'stoutland', 12, 610, 1),
(509, 'purrloin', 4, 101, 1),
(510, 'liepard', 11, 375, 1),
(511, 'pansage', 6, 105, 1),
(512, 'simisage', 11, 305, 1),
(513, 'pansear', 6, 110, 1),
(514, 'simisear', 10, 280, 1),
(515, 'panpour', 6, 135, 1),
(516, 'simipour', 10, 290, 1),
(517, 'munna', 6, 233, 1),
(518, 'musharna', 11, 605, 1),
(519, 'pidove', 3, 21, 1),
(520, 'tranquill', 6, 150, 1),
(521, 'unfezant', 12, 290, 1),
(522, 'blitzle', 8, 298, 1),
(523, 'zebstrika', 16, 795, 1),
(524, 'roggenrola', 4, 180, 1),
(525, 'boldore', 9, 1020, 1),
(526, 'gigalith', 17, 2600, 1),
(527, 'woobat', 4, 21, 1),
(528, 'swoobat', 9, 105, 1),
(529, 'drilbur', 3, 85, 1),
(530, 'excadrill', 7, 404, 1),
(531, 'audino', 11, 310, 1),
(532, 'timburr', 6, 125, 1),
(533, 'gurdurr', 12, 400, 1),
(534, 'conkeldurr', 14, 870, 1),
(535, 'tympole', 5, 45, 1),
(536, 'palpitoad', 8, 170, 1),
(537, 'seismitoad', 15, 620, 1),
(538, 'throh', 13, 555, 1),
(539, 'sawk', 14, 510, 1),
(540, 'sewaddle', 3, 25, 1),
(541, 'swadloon', 5, 73, 1),
(542, 'leavanny', 12, 205, 1),
(543, 'venipede', 4, 53, 1),
(544, 'whirlipede', 12, 585, 1),
(545, 'scolipede', 25, 2005, 1),
(546, 'cottonee', 3, 6, 1),
(547, 'whimsicott', 7, 66, 1),
(548, 'petilil', 5, 66, 1),
(549, 'lilligant', 11, 163, 1),
(550, 'basculin-red-striped', 10, 180, 1),
(551, 'sandile', 7, 152, 1),
(552, 'krokorok', 10, 334, 1),
(553, 'krookodile', 15, 963, 1),
(554, 'darumaka', 6, 375, 1),
(555, 'darmanitan-standard', 13, 929, 1),
(556, 'maractus', 10, 280, 1),
(557, 'dwebble', 3, 145, 1),
(558, 'crustle', 14, 2000, 1),
(559, 'scraggy', 6, 118, 1),
(560, 'scrafty', 11, 300, 1),
(561, 'sigilyph', 14, 140, 1),
(562, 'yamask', 5, 15, 1),
(563, 'cofagrigus', 17, 765, 1),
(564, 'tirtouga', 7, 165, 1),
(565, 'carracosta', 12, 810, 1),
(566, 'archen', 5, 95, 1),
(567, 'archeops', 14, 320, 1),
(568, 'trubbish', 6, 310, 1),
(569, 'garbodor', 19, 1073, 1),
(570, 'zorua', 7, 125, 1),
(571, 'zoroark', 16, 811, 1),
(572, 'minccino', 4, 58, 1),
(573, 'cinccino', 5, 75, 1),
(574, 'gothita', 4, 58, 1),
(575, 'gothorita', 7, 180, 1),
(576, 'gothitelle', 15, 440, 1),
(577, 'solosis', 3, 10, 1),
(578, 'duosion', 6, 80, 1),
(579, 'reuniclus', 10, 201, 1),
(580, 'ducklett', 5, 55, 1),
(581, 'swanna', 13, 242, 1),
(582, 'vanillite', 4, 57, 1),
(583, 'vanillish', 11, 410, 1),
(584, 'vanilluxe', 13, 575, 1),
(585, 'deerling', 6, 195, 1),
(586, 'sawsbuck', 19, 925, 1),
(587, 'emolga', 4, 50, 1),
(588, 'karrablast', 5, 59, 1),
(589, 'escavalier', 10, 330, 1),
(590, 'foongus', 2, 10, 1),
(591, 'amoonguss', 6, 105, 1),
(592, 'frillish', 12, 330, 1),
(593, 'jellicent', 22, 1350, 1),
(594, 'alomomola', 12, 316, 1),
(595, 'joltik', 1, 6, 1),
(596, 'galvantula', 8, 143, 1),
(597, 'ferroseed', 6, 188, 1),
(598, 'ferrothorn', 10, 1100, 1),
(599, 'klink', 3, 210, 1),
(600, 'klang', 6, 510, 1),
(601, 'klinklang', 6, 810, 1),
(602, 'tynamo', 2, 3, 1),
(603, 'eelektrik', 12, 220, 1),
(604, 'eelektross', 21, 805, 1),
(605, 'elgyem', 5, 90, 1),
(606, 'beheeyem', 10, 345, 1),
(607, 'litwick', 3, 31, 1),
(608, 'lampent', 6, 130, 1),
(609, 'chandelure', 10, 343, 1),
(610, 'axew', 6, 180, 1),
(611, 'fraxure', 10, 360, 1),
(612, 'haxorus', 18, 1055, 1),
(613, 'cubchoo', 5, 85, 1),
(614, 'beartic', 26, 2600, 1),
(615, 'cryogonal', 11, 1480, 1),
(616, 'shelmet', 4, 77, 1),
(617, 'accelgor', 8, 253, 1),
(618, 'stunfisk', 7, 110, 1),
(619, 'mienfoo', 9, 200, 1),
(620, 'mienshao', 14, 355, 1),
(621, 'druddigon', 16, 1390, 1),
(622, 'golett', 10, 920, 1),
(623, 'golurk', 28, 3300, 1),
(624, 'pawniard', 5, 102, 1),
(625, 'bisharp', 16, 700, 1),
(626, 'bouffalant', 16, 946, 1),
(627, 'rufflet', 5, 105, 1),
(628, 'braviary', 15, 410, 1),
(629, 'vullaby', 5, 90, 1),
(630, 'mandibuzz', 12, 395, 1),
(631, 'heatmor', 14, 580, 1),
(632, 'durant', 3, 330, 1),
(633, 'deino', 8, 173, 1),
(634, 'zweilous', 14, 500, 1),
(635, 'hydreigon', 18, 1600, 1),
(636, 'larvesta', 11, 288, 1),
(637, 'volcarona', 16, 460, 1),
(638, 'cobalion', 21, 2500, 1),
(639, 'terrakion', 19, 2600, 1),
(640, 'virizion', 20, 2000, 1),
(641, 'tornadus-incarnate', 15, 630, 1),
(642, 'thundurus-incarnate', 15, 610, 1),
(643, 'reshiram', 32, 3300, 1),
(644, 'zekrom', 29, 3450, 1),
(645, 'landorus-incarnate', 15, 680, 1),
(646, 'kyurem', 30, 3250, 1),
(647, 'keldeo-ordinary', 14, 485, 1),
(648, 'meloetta-aria', 6, 65, 1),
(649, 'genesect', 15, 825, 1),
(650, 'chespin', 4, 90, 1),
(651, 'quilladin', 7, 290, 1),
(652, 'chesnaught', 16, 900, 1),
(653, 'fennekin', 4, 94, 1),
(654, 'braixen', 10, 145, 1),
(655, 'delphox', 15, 390, 1),
(656, 'froakie', 3, 70, 1),
(657, 'frogadier', 6, 109, 1),
(658, 'greninja', 15, 400, 1),
(659, 'bunnelby', 4, 50, 1),
(660, 'diggersby', 10, 424, 1),
(661, 'fletchling', 3, 17, 1),
(662, 'fletchinder', 7, 160, 1),
(663, 'talonflame', 12, 245, 1),
(664, 'scatterbug', 3, 25, 1),
(665, 'spewpa', 3, 84, 1),
(666, 'vivillon', 12, 170, 1),
(667, 'litleo', 6, 135, 1),
(668, 'pyroar', 15, 815, 1),
(669, 'flabebe', 1, 1, 1),
(670, 'floette', 2, 9, 1),
(671, 'florges', 11, 100, 1),
(672, 'skiddo', 9, 310, 1),
(673, 'gogoat', 17, 910, 1),
(674, 'pancham', 6, 80, 1),
(675, 'pangoro', 21, 1360, 1),
(676, 'furfrou', 12, 280, 1),
(677, 'espurr', 3, 35, 1),
(678, 'meowstic-male', 6, 85, 1),
(679, 'honedge', 8, 20, 1),
(680, 'doublade', 8, 45, 1),
(681, 'aegislash-shield', 17, 530, 1),
(682, 'spritzee', 2, 5, 1),
(683, 'aromatisse', 8, 155, 1),
(684, 'swirlix', 4, 35, 1),
(685, 'slurpuff', 8, 50, 1),
(686, 'inkay', 4, 35, 1),
(687, 'malamar', 15, 470, 1),
(688, 'binacle', 5, 310, 1),
(689, 'barbaracle', 13, 960, 1),
(690, 'skrelp', 5, 73, 1),
(691, 'dragalge', 18, 815, 1),
(692, 'clauncher', 5, 83, 1),
(693, 'clawitzer', 13, 353, 1),
(694, 'helioptile', 5, 60, 1),
(695, 'heliolisk', 10, 210, 1),
(696, 'tyrunt', 8, 260, 1),
(697, 'tyrantrum', 25, 2700, 1),
(698, 'amaura', 13, 252, 1),
(699, 'aurorus', 27, 2250, 1),
(700, 'sylveon', 10, 235, 1),
(701, 'hawlucha', 8, 215, 1),
(702, 'dedenne', 2, 22, 1),
(703, 'carbink', 3, 57, 1),
(704, 'goomy', 3, 28, 1),
(705, 'sliggoo', 8, 175, 1),
(706, 'goodra', 20, 1505, 1),
(707, 'klefki', 2, 30, 1),
(708, 'phantump', 4, 70, 1),
(709, 'trevenant', 15, 710, 1),
(710, 'pumpkaboo-average', 4, 50, 1),
(711, 'gourgeist-average', 9, 125, 1),
(712, 'bergmite', 10, 995, 1),
(713, 'avalugg', 20, 5050, 1),
(714, 'noibat', 5, 80, 1),
(715, 'noivern', 15, 850, 1),
(716, 'xerneas', 30, 2150, 1),
(717, 'yveltal', 58, 2030, 1),
(718, 'zygarde', 50, 3050, 1),
(719, 'diancie', 7, 88, 1),
(720, 'hoopa', 5, 90, 1),
(721, 'volcanion', 17, 1950, 1),
(722, 'rowlet', 3, 15, 1),
(723, 'dartrix', 7, 160, 1),
(724, 'decidueye', 16, 366, 1),
(725, 'litten', 4, 43, 1),
(726, 'torracat', 7, 250, 1),
(727, 'incineroar', 18, 830, 1),
(728, 'popplio', 4, 75, 1),
(729, 'brionne', 6, 175, 1),
(730, 'primarina', 18, 440, 1),
(731, 'pikipek', 3, 12, 1),
(732, 'trumbeak', 6, 148, 1),
(733, 'toucannon', 11, 260, 1),
(734, 'yungoos', 4, 60, 1),
(735, 'gumshoos', 7, 142, 1),
(736, 'grubbin', 4, 44, 1),
(737, 'charjabug', 5, 105, 1),
(738, 'vikavolt', 15, 450, 1),
(739, 'crabrawler', 6, 70, 1),
(740, 'crabominable', 17, 1800, 1),
(741, 'oricorio-baile', 6, 34, 1),
(742, 'cutiefly', 1, 2, 1),
(743, 'ribombee', 2, 5, 1),
(744, 'rockruff', 5, 92, 1),
(745, 'lycanroc-midday', 8, 250, 1),
(746, 'wishiwashi-solo', 2, 3, 1),
(747, 'mareanie', 4, 80, 1),
(748, 'toxapex', 7, 145, 1),
(749, 'mudbray', 10, 1100, 1),
(750, 'mudsdale', 25, 9200, 1),
(751, 'dewpider', 3, 40, 1),
(752, 'araquanid', 18, 820, 1),
(753, 'fomantis', 3, 15, 1),
(754, 'lurantis', 9, 185, 1),
(755, 'morelull', 2, 15, 1),
(756, 'shiinotic', 10, 115, 1),
(757, 'salandit', 6, 48, 1),
(758, 'salazzle', 12, 222, 1),
(759, 'stufful', 5, 68, 1),
(760, 'bewear', 21, 1350, 1),
(761, 'bounsweet', 3, 32, 1),
(762, 'steenee', 7, 82, 1),
(763, 'tsareena', 12, 214, 1),
(764, 'comfey', 1, 3, 1),
(765, 'oranguru', 15, 760, 1),
(766, 'passimian', 20, 828, 1),
(767, 'wimpod', 5, 120, 1),
(768, 'golisopod', 20, 1080, 1),
(769, 'sandygast', 5, 700, 1),
(770, 'palossand', 13, 2500, 1),
(771, 'pyukumuku', 3, 12, 1),
(772, 'type-null', 19, 1205, 1),
(773, 'silvally', 23, 1005, 1),
(774, 'minior-red-meteor', 3, 400, 1),
(775, 'komala', 4, 199, 1),
(776, 'turtonator', 20, 2120, 1),
(777, 'togedemaru', 3, 33, 1),
(778, 'mimikyu-disguised', 2, 7, 1),
(779, 'bruxish', 9, 190, 1),
(780, 'drampa', 30, 1850, 1),
(781, 'dhelmise', 39, 2100, 1),
(782, 'jangmo-o', 6, 297, 1),
(783, 'hakamo-o', 12, 470, 1),
(784, 'kommo-o', 16, 782, 1),
(785, 'tapu-koko', 18, 205, 1),
(786, 'tapu-lele', 12, 186, 1),
(787, 'tapu-bulu', 19, 455, 1),
(788, 'tapu-fini', 13, 212, 1),
(789, 'cosmog', 2, 1, 1),
(790, 'cosmoem', 1, 9999, 1),
(791, 'solgaleo', 34, 2300, 1),
(792, 'lunala', 40, 1200, 1),
(793, 'nihilego', 12, 555, 1),
(794, 'buzzwole', 24, 3336, 1),
(795, 'pheromosa', 18, 250, 1),
(796, 'xurkitree', 38, 1000, 1),
(797, 'celesteela', 92, 9999, 1),
(798, 'kartana', 3, 1, 1),
(799, 'guzzlord', 55, 8880, 1),
(800, 'necrozma', 24, 2300, 1),
(801, 'magearna', 10, 805, 1),
(802, 'marshadow', 7, 222, 1),
(803, 'poipole', 6, 18, 1),
(804, 'naganadel', 36, 1500, 1),
(805, 'stakataka', 55, 8200, 1),
(806, 'blacephalon', 18, 130, 1),
(807, 'zeraora', 15, 445, 1),
(808, 'meltan', 2, 80, 1),
(809, 'melmetal', 25, 8000, 1),
(810, 'grookey', 3, 50, 1),
(811, 'thwackey', 7, 140, 1),
(812, 'rillaboom', 21, 900, 1),
(813, 'scorbunny', 3, 45, 1),
(814, 'raboot', 6, 90, 1),
(815, 'cinderace', 14, 330, 1),
(816, 'sobble', 3, 40, 1),
(817, 'drizzile', 7, 115, 1),
(818, 'inteleon', 19, 452, 1),
(819, 'skwovet', 3, 25, 1),
(820, 'greedent', 6, 60, 1),
(821, 'rookidee', 2, 18, 1),
(822, 'corvisquire', 8, 160, 1),
(823, 'corviknight', 22, 750, 1),
(824, 'blipbug', 4, 80, 1),
(825, 'dottler', 4, 195, 1),
(826, 'orbeetle', 4, 408, 1),
(827, 'nickit', 6, 89, 1),
(828, 'thievul', 12, 199, 1),
(829, 'gossifleur', 4, 22, 1),
(830, 'eldegoss', 5, 25, 1),
(831, 'wooloo', 6, 60, 1),
(832, 'dubwool', 13, 430, 1),
(833, 'chewtle', 3, 85, 1),
(834, 'drednaw', 10, 1155, 1),
(835, 'yamper', 3, 135, 1),
(836, 'boltund', 10, 340, 1),
(837, 'rolycoly', 3, 120, 1),
(838, 'carkol', 11, 780, 1),
(839, 'coalossal', 28, 3105, 1),
(840, 'applin', 2, 5, 1),
(841, 'flapple', 3, 10, 1),
(842, 'appletun', 4, 130, 1),
(843, 'silicobra', 22, 76, 1),
(844, 'sandaconda', 38, 655, 1),
(845, 'cramorant', 8, 180, 1),
(846, 'arrokuda', 5, 10, 1),
(847, 'barraskewda', 13, 300, 1),
(848, 'toxel', 4, 110, 1),
(849, 'toxtricity-amped', 16, 400, 1),
(850, 'sizzlipede', 7, 10, 1),
(851, 'centiskorch', 30, 1200, 1),
(852, 'clobbopus', 6, 40, 1),
(853, 'grapploct', 16, 390, 1),
(854, 'sinistea', 1, 2, 1),
(855, 'polteageist', 2, 4, 1),
(856, 'hatenna', 4, 34, 1),
(857, 'hattrem', 6, 48, 1),
(858, 'hatterene', 21, 51, 1),
(859, 'impidimp', 4, 55, 1),
(860, 'morgrem', 8, 125, 1),
(861, 'grimmsnarl', 15, 610, 1),
(862, 'obstagoon', 16, 460, 1),
(863, 'perrserker', 8, 280, 1),
(864, 'cursola', 10, 4, 1),
(865, 'sirfetchd', 8, 1170, 1),
(866, 'mr-rime', 15, 582, 1),
(867, 'runerigus', 16, 666, 1),
(868, 'milcery', 2, 3, 1),
(869, 'alcremie', 3, 5, 1),
(870, 'falinks', 30, 620, 1),
(871, 'pincurchin', 3, 10, 1),
(872, 'snom', 3, 38, 1),
(873, 'frosmoth', 13, 420, 1),
(874, 'stonjourner', 25, 5200, 1),
(875, 'eiscue-ice', 14, 890, 1),
(876, 'indeedee-male', 9, 280, 1),
(877, 'morpeko', 3, 30, 1),
(878, 'cufant', 12, 1000, 1),
(879, 'copperajah', 30, 6500, 1),
(880, 'dracozolt', 18, 1900, 1),
(881, 'arctozolt', 23, 1500, 1),
(882, 'dracovish', 23, 2150, 1),
(883, 'arctovish', 20, 1750, 1),
(884, 'duraludon', 18, 400, 1),
(885, 'dreepy', 5, 20, 1),
(886, 'drakloak', 14, 110, 1),
(887, 'dragapult', 30, 500, 1),
(888, 'zacian-hero', 28, 1100, 1),
(889, 'zamazenta-hero', 29, 2100, 1),
(890, 'eternatus', 200, 9500, 1),
(891, 'kubfu', 6, 120, 1),
(892, 'urshifu-single-strike', 19, 1050, 1),
(893, 'zarude', 18, 700, 1),
(894, 'regieleki', 12, 1450, 1),
(895, 'regidrago', 21, 2000, 1),
(896, 'glastrier', 22, 8000, 1),
(897, 'spectrier', 20, 445, 1),
(898, 'calyrex', 11, 77, 1),
(899, 'deoxys-attack', 17, 608, 0),
(900, 'deoxys-defense', 17, 608, 0),
(901, 'deoxys-speed', 17, 608, 0),
(902, 'wormadam-sandy', 5, 65, 0),
(903, 'wormadam-trash', 5, 65, 0),
(904, 'shaymin-sky', 4, 52, 0),
(905, 'giratina-origin', 69, 6500, 0),
(906, 'rotom-heat', 3, 3, 0),
(907, 'rotom-wash', 3, 3, 0),
(908, 'rotom-frost', 3, 3, 0),
(909, 'rotom-fan', 3, 3, 0),
(910, 'rotom-mow', 3, 3, 0),
(911, 'castform-sunny', 3, 8, 0),
(912, 'castform-rainy', 3, 8, 0),
(913, 'castform-snowy', 3, 8, 0),
(914, 'basculin-blue-striped', 10, 180, 0),
(915, 'darmanitan-zen', 13, 929, 0),
(916, 'meloetta-pirouette', 6, 65, 0),
(917, 'tornadus-therian', 14, 630, 0),
(918, 'thundurus-therian', 30, 610, 0),
(919, 'landorus-therian', 13, 680, 0),
(920, 'kyurem-black', 33, 3250, 0),
(921, 'kyurem-white', 36, 3250, 0),
(922, 'keldeo-resolute', 14, 485, 0),
(923, 'meowstic-female', 6, 85, 0),
(924, 'aegislash-blade', 17, 530, 0),
(925, 'pumpkaboo-small', 3, 35, 0),
(926, 'pumpkaboo-large', 5, 75, 0),
(927, 'pumpkaboo-super', 8, 150, 0),
(928, 'gourgeist-small', 7, 95, 0),
(929, 'gourgeist-large', 11, 140, 0),
(930, 'gourgeist-super', 17, 390, 0),
(931, 'venusaur-mega', 24, 1555, 0),
(932, 'charizard-mega-x', 17, 1105, 0),
(933, 'charizard-mega-y', 17, 1005, 0),
(934, 'blastoise-mega', 16, 1011, 0),
(935, 'alakazam-mega', 12, 480, 0),
(936, 'gengar-mega', 14, 405, 0),
(937, 'kangaskhan-mega', 22, 1000, 0),
(938, 'pinsir-mega', 17, 590, 0),
(939, 'gyarados-mega', 65, 3050, 0),
(940, 'aerodactyl-mega', 21, 790, 0),
(941, 'mewtwo-mega-x', 23, 1270, 0),
(942, 'mewtwo-mega-y', 15, 330, 0),
(943, 'ampharos-mega', 14, 615, 0),
(944, 'scizor-mega', 20, 1250, 0),
(945, 'heracross-mega', 17, 625, 0),
(946, 'houndoom-mega', 19, 495, 0),
(947, 'tyranitar-mega', 25, 2550, 0),
(948, 'blaziken-mega', 19, 520, 0),
(949, 'gardevoir-mega', 16, 484, 0),
(950, 'mawile-mega', 10, 235, 0),
(951, 'aggron-mega', 22, 3950, 0),
(952, 'medicham-mega', 13, 315, 0),
(953, 'manectric-mega', 18, 440, 0),
(954, 'banette-mega', 12, 130, 0),
(955, 'absol-mega', 12, 490, 0),
(956, 'garchomp-mega', 19, 950, 0),
(957, 'lucario-mega', 13, 575, 0),
(958, 'abomasnow-mega', 27, 1850, 0),
(959, 'floette-eternal', 2, 9, 0),
(960, 'latias-mega', 18, 520, 0),
(961, 'latios-mega', 23, 700, 0),
(962, 'swampert-mega', 19, 1020, 0),
(963, 'sceptile-mega', 19, 552, 0),
(964, 'sableye-mega', 5, 1610, 0),
(965, 'altaria-mega', 15, 206, 0),
(966, 'gallade-mega', 16, 564, 0),
(967, 'audino-mega', 15, 320, 0),
(968, 'sharpedo-mega', 25, 1303, 0),
(969, 'slowbro-mega', 20, 1200, 0),
(970, 'steelix-mega', 105, 7400, 0),
(971, 'pidgeot-mega', 22, 505, 0),
(972, 'glalie-mega', 21, 3502, 0),
(973, 'diancie-mega', 11, 278, 0),
(974, 'metagross-mega', 25, 9429, 0),
(975, 'kyogre-primal', 98, 4300, 0),
(976, 'groudon-primal', 50, 9997, 0),
(977, 'rayquaza-mega', 108, 3920, 0),
(978, 'pikachu-rock-star', 4, 60, 0),
(979, 'pikachu-belle', 4, 60, 0),
(980, 'pikachu-pop-star', 4, 60, 0),
(981, 'pikachu-phd', 4, 60, 0),
(982, 'pikachu-libre', 4, 60, 0),
(983, 'pikachu-cosplay', 4, 60, 0),
(984, 'hoopa-unbound', 65, 4900, 0),
(985, 'camerupt-mega', 25, 3205, 0),
(986, 'lopunny-mega', 13, 283, 0),
(987, 'salamence-mega', 18, 1126, 0),
(988, 'beedrill-mega', 14, 405, 0),
(989, 'rattata-alola', 3, 38, 0),
(990, 'raticate-alola', 7, 255, 0),
(991, 'raticate-totem-alola', 14, 1050, 0),
(992, 'pikachu-original-cap', 4, 60, 0),
(993, 'pikachu-hoenn-cap', 4, 60, 0),
(994, 'pikachu-sinnoh-cap', 4, 60, 0),
(995, 'pikachu-unova-cap', 4, 60, 0),
(996, 'pikachu-kalos-cap', 4, 60, 0),
(997, 'pikachu-alola-cap', 4, 60, 0),
(998, 'raichu-alola', 7, 210, 0),
(999, 'sandshrew-alola', 7, 400, 0),
(1000, 'sandslash-alola', 12, 550, 0),
(1001, 'vulpix-alola', 6, 99, 0),
(1002, 'ninetales-alola', 11, 199, 0),
(1003, 'diglett-alola', 2, 10, 0),
(1004, 'dugtrio-alola', 7, 666, 0),
(1005, 'meowth-alola', 4, 42, 0),
(1006, 'persian-alola', 11, 330, 0),
(1007, 'geodude-alola', 4, 203, 0),
(1008, 'graveler-alola', 10, 1100, 0),
(1009, 'golem-alola', 17, 3160, 0),
(1010, 'grimer-alola', 7, 420, 0),
(1011, 'muk-alola', 10, 520, 0),
(1012, 'exeggutor-alola', 109, 4156, 0),
(1013, 'marowak-alola', 10, 340, 0),
(1014, 'greninja-battle-bond', 15, 400, 0),
(1015, 'greninja-ash', 15, 400, 0),
(1016, 'zygarde-10', 12, 335, 0),
(1017, 'zygarde-50', 50, 3050, 0),
(1018, 'zygarde-complete', 45, 6100, 0),
(1019, 'gumshoos-totem', 14, 600, 0),
(1020, 'vikavolt-totem', 26, 1475, 0),
(1021, 'oricorio-pom-pom', 6, 34, 0),
(1022, 'oricorio-pau', 6, 34, 0),
(1023, 'oricorio-sensu', 6, 34, 0),
(1024, 'lycanroc-midnight', 11, 250, 0),
(1025, 'wishiwashi-school', 82, 786, 0),
(1026, 'lurantis-totem', 15, 580, 0),
(1027, 'salazzle-totem', 21, 810, 0),
(1028, 'minior-orange-meteor', 3, 400, 0),
(1029, 'minior-yellow-meteor', 3, 400, 0),
(1030, 'minior-green-meteor', 3, 400, 0),
(1031, 'minior-blue-meteor', 3, 400, 0),
(1032, 'minior-indigo-meteor', 3, 400, 0),
(1033, 'minior-violet-meteor', 3, 400, 0),
(1034, 'minior-red', 3, 3, 0),
(1035, 'minior-orange', 3, 3, 0),
(1036, 'minior-yellow', 3, 3, 0),
(1037, 'minior-green', 3, 3, 0),
(1038, 'minior-blue', 3, 3, 0),
(1039, 'minior-indigo', 3, 3, 0),
(1040, 'minior-violet', 3, 3, 0),
(1041, 'mimikyu-busted', 2, 7, 0),
(1042, 'mimikyu-totem-disguised', 4, 28, 0),
(1043, 'mimikyu-totem-busted', 4, 28, 0),
(1044, 'kommo-o-totem', 24, 2075, 0),
(1045, 'magearna-original', 10, 805, 0),
(1046, 'pikachu-partner-cap', 4, 60, 0),
(1047, 'marowak-totem', 17, 980, 0),
(1048, 'ribombee-totem', 4, 20, 0),
(1049, 'rockruff-own-tempo', 5, 92, 0),
(1050, 'lycanroc-dusk', 8, 250, 0),
(1051, 'araquanid-totem', 31, 2175, 0),
(1052, 'togedemaru-totem', 6, 130, 0),
(1053, 'necrozma-dusk', 38, 4600, 0),
(1054, 'necrozma-dawn', 42, 3500, 0),
(1055, 'necrozma-ultra', 75, 2300, 0),
(1056, 'meowth-galar', 4, 75, 0),
(1057, 'ponyta-galar', 8, 240, 0),
(1058, 'rapidash-galar', 17, 800, 0),
(1059, 'slowpoke-galar', 12, 360, 0),
(1060, 'slowbro-galar', 16, 705, 0),
(1061, 'farfetchd-galar', 8, 420, 0),
(1062, 'weezing-galar', 30, 160, 0),
(1063, 'mr-mime-galar', 14, 568, 0),
(1064, 'articuno-galar', 17, 509, 0),
(1065, 'zapdos-galar', 16, 582, 0),
(1066, 'moltres-galar', 20, 660, 0),
(1067, 'slowking-galar', 18, 795, 0),
(1068, 'corsola-galar', 6, 5, 0),
(1069, 'zigzagoon-galar', 4, 175, 0),
(1070, 'linoone-galar', 5, 325, 0),
(1071, 'darumaka-galar', 7, 400, 0),
(1072, 'darmanitan-standard-galar', 17, 1200, 0),
(1073, 'darmanitan-zen-galar', 17, 1200, 0),
(1074, 'yamask-galar', 5, 15, 0),
(1075, 'stunfisk-galar', 7, 205, 0),
(1076, 'toxtricity-low-key', 16, 400, 0),
(1077, 'eiscue-noice', 14, 890, 0),
(1078, 'indeedee-female', 9, 28, 0),
(1079, 'zacian-crowned', 28, 3550, 0),
(1080, 'zamazenta-crowned', 29, 7850, 0),
(1081, 'urshifu-rapid-strike', 19, 1050, 0),
(1082, 'calyrex-ice-rider', 24, 8091, 0),
(1083, 'calyrex-shadow-rider', 24, 536, 0),
(1084, 'venusaur-gmax', 240, 10000, 0),
(1085, 'charizard-gmax', 280, 10000, 0),
(1086, 'blastoise-gmax', 250, 10000, 0),
(1087, 'butterfree-gmax', 170, 10000, 0),
(1088, 'pikachu-gmax', 210, 10000, 0),
(1089, 'meowth-gmax', 330, 10000, 0),
(1090, 'machamp-gmax', 250, 10000, 0),
(1091, 'gengar-gmax', 200, 10000, 0),
(1092, 'kingler-gmax', 190, 10000, 0),
(1093, 'lapras-gmax', 240, 10000, 0),
(1094, 'eevee-gmax', 180, 10000, 0),
(1095, 'snorlax-gmax', 350, 10000, 0),
(1096, 'garbodor-gmax', 210, 10000, 0),
(1097, 'melmetal-gmax', 250, 10000, 0),
(1098, 'rillaboom-gmax', 280, 10000, 0),
(1099, 'cinderace-gmax', 270, 10000, 0),
(1100, 'inteleon-gmax', 400, 10000, 0),
(1101, 'corviknight-gmax', 140, 10000, 0),
(1102, 'orbeetle-gmax', 140, 10000, 0),
(1103, 'drednaw-gmax', 240, 10000, 0),
(1104, 'coalossal-gmax', 420, 10000, 0),
(1105, 'flapple-gmax', 240, 10000, 0),
(1106, 'appletun-gmax', 240, 10000, 0),
(1107, 'sandaconda-gmax', 220, 10000, 0),
(1108, 'toxtricity-amped-gmax', 240, 10000, 0),
(1109, 'centiskorch-gmax', 750, 10000, 0),
(1110, 'hatterene-gmax', 260, 10000, 0),
(1111, 'grimmsnarl-gmax', 320, 10000, 0),
(1112, 'alcremie-gmax', 300, 10000, 0),
(1113, 'copperajah-gmax', 230, 10000, 0),
(1114, 'duraludon-gmax', 430, 10000, 0),
(1115, 'eternatus-eternamax', 1000, 10000, 0),
(1116, 'urshifu-single-strike-gmax', 290, 10000, 0),
(1117, 'urshifu-rapid-strike-gmax', 260, 10000, 0),
(1118, 'toxtricity-low-key-gmax', 240, 10000, 0);

-- --------------------------------------------------------

--
-- Structure de la table `pokemon_has_type`
--

CREATE TABLE `pokemon_has_type` (
  `type_idtype` int(11) NOT NULL,
  `pokemon_idpokemon` int(11) NOT NULL
) ENGINE=InnoDB DEFAULT CHARSET=utf8mb4;

--
-- Déchargement des données de la table `pokemon_has_type`
--

INSERT INTO `pokemon_has_type` (`type_idtype`, `pokemon_idpokemon`) VALUES
(1, 16),
(1, 17),
(1, 18),
(1, 19),
(1, 20),
(1, 21),
(1, 22),
(1, 39),
(1, 40),
(1, 52),
(1, 53),
(1, 83),
(1, 84),
(1, 85),
(1, 108),
(1, 113),
(1, 115),
(1, 128),
(1, 132),
(1, 133),
(1, 137),
(1, 143),
(1, 161),
(1, 162),
(1, 163),
(1, 164),
(1, 174),
(1, 190),
(1, 203),
(1, 206),
(1, 216),
(1, 217),
(1, 233),
(1, 234),
(1, 235),
(1, 241),
(1, 242),
(1, 263),
(1, 264),
(1, 276),
(1, 277),
(1, 287),
(1, 288),
(1, 289),
(1, 293),
(1, 294),
(1, 295),
(1, 298),
(1, 300),
(1, 301),
(1, 327),
(1, 333),
(1, 335),
(1, 351),
(1, 352),
(1, 396),
(1, 397),
(1, 398),
(1, 399),
(1, 400),
(1, 424),
(1, 427),
(1, 428),
(1, 431),
(1, 432),
(1, 440),
(1, 441),
(1, 446),
(1, 463),
(1, 474),
(1, 486),
(1, 493),
(1, 504),
(1, 505),
(1, 506),
(1, 507),
(1, 508),
(1, 519),
(1, 520),
(1, 521),
(1, 531),
(1, 572),
(1, 573),
(1, 585),
(1, 586),
(1, 626),
(1, 627),
(1, 628),
(1, 648),
(1, 659),
(1, 660),
(1, 661),
(1, 667),
(1, 668),
(1, 676),
(1, 694),
(1, 695),
(1, 731),
(1, 732),
(1, 733),
(1, 734),
(1, 735),
(1, 759),
(1, 760),
(1, 765),
(1, 772),
(1, 773),
(1, 775),
(1, 780),
(1, 819),
(1, 820),
(1, 831),
(1, 832),
(1, 862),
(1, 876),
(1, 916),
(1, 937),
(1, 967),
(1, 971),
(1, 986),
(1, 989),
(1, 990),
(1, 991),
(1, 1019),
(1, 1069),
(1, 1070),
(1, 1078),
(1, 1089),
(1, 1094),
(1, 1095),
(2, 56),
(2, 57),
(2, 62),
(2, 66),
(2, 67),
(2, 68),
(2, 106),
(2, 107),
(2, 214),
(2, 236),
(2, 237),
(2, 256),
(2, 257),
(2, 286),
(2, 296),
(2, 297),
(2, 307),
(2, 308),
(2, 391),
(2, 392),
(2, 447),
(2, 448),
(2, 453),
(2, 454),
(2, 475),
(2, 499),
(2, 500),
(2, 532),
(2, 533),
(2, 534),
(2, 538),
(2, 539),
(2, 559),
(2, 560),
(2, 619),
(2, 620),
(2, 638),
(2, 639),
(2, 640),
(2, 647),
(2, 652),
(2, 674),
(2, 675),
(2, 701),
(2, 739),
(2, 740),
(2, 759),
(2, 760),
(2, 766),
(2, 783),
(2, 784),
(2, 794),
(2, 795),
(2, 802),
(2, 852),
(2, 853),
(2, 865),
(2, 870),
(2, 889),
(2, 891),
(2, 892),
(2, 916),
(2, 922),
(2, 941),
(2, 945),
(2, 948),
(2, 952),
(2, 957),
(2, 966),
(2, 986),
(2, 1044),
(2, 1061),
(2, 1065),
(2, 1080),
(2, 1081),
(2, 1090),
(2, 1116),
(2, 1117),
(3, 6),
(3, 12),
(3, 16),
(3, 17),
(3, 18),
(3, 21),
(3, 22),
(3, 41),
(3, 42),
(3, 83),
(3, 84),
(3, 85),
(3, 123),
(3, 130),
(3, 142),
(3, 144),
(3, 145),
(3, 146),
(3, 149),
(3, 163),
(3, 164),
(3, 165),
(3, 166),
(3, 169),
(3, 176),
(3, 177),
(3, 178),
(3, 187),
(3, 188),
(3, 189),
(3, 193),
(3, 198),
(3, 207),
(3, 225),
(3, 226),
(3, 227),
(3, 249),
(3, 250),
(3, 267),
(3, 276),
(3, 277),
(3, 278),
(3, 279),
(3, 284),
(3, 291),
(3, 333),
(3, 334),
(3, 357),
(3, 373),
(3, 384),
(3, 396),
(3, 397),
(3, 398),
(3, 414),
(3, 415),
(3, 416),
(3, 425),
(3, 426),
(3, 430),
(3, 441),
(3, 458),
(3, 468),
(3, 469),
(3, 472),
(3, 519),
(3, 520),
(3, 521),
(3, 527),
(3, 528),
(3, 561),
(3, 566),
(3, 567),
(3, 580),
(3, 581),
(3, 587),
(3, 627),
(3, 628),
(3, 629),
(3, 630),
(3, 641),
(3, 642),
(3, 645),
(3, 661),
(3, 662),
(3, 663),
(3, 666),
(3, 701),
(3, 714),
(3, 715),
(3, 717),
(3, 722),
(3, 723),
(3, 731),
(3, 732),
(3, 733),
(3, 741),
(3, 774),
(3, 797),
(3, 821),
(3, 822),
(3, 823),
(3, 845),
(3, 904),
(3, 909),
(3, 917),
(3, 918),
(3, 919),
(3, 933),
(3, 938),
(3, 940),
(3, 971),
(3, 977),
(3, 987),
(3, 1021),
(3, 1022),
(3, 1023),
(3, 1028),
(3, 1029),
(3, 1030),
(3, 1031),
(3, 1032),
(3, 1033),
(3, 1034),
(3, 1035),
(3, 1036),
(3, 1037),
(3, 1038),
(3, 1039),
(3, 1040),
(3, 1064),
(3, 1065),
(3, 1066),
(3, 1085),
(3, 1087),
(3, 1101),
(4, 1),
(4, 2),
(4, 3),
(4, 13),
(4, 14),
(4, 15),
(4, 23),
(4, 24),
(4, 29),
(4, 30),
(4, 31),
(4, 32),
(4, 33),
(4, 34),
(4, 41),
(4, 42),
(4, 43),
(4, 44),
(4, 45),
(4, 48),
(4, 49),
(4, 69),
(4, 70),
(4, 71),
(4, 72),
(4, 73),
(4, 88),
(4, 89),
(4, 92),
(4, 93),
(4, 94),
(4, 109),
(4, 110),
(4, 167),
(4, 168),
(4, 169),
(4, 211),
(4, 269),
(4, 315),
(4, 316),
(4, 317),
(4, 336),
(4, 406),
(4, 407),
(4, 434),
(4, 435),
(4, 451),
(4, 452),
(4, 453),
(4, 454),
(4, 543),
(4, 544),
(4, 545),
(4, 568),
(4, 569),
(4, 590),
(4, 591),
(4, 690),
(4, 691),
(4, 747),
(4, 748),
(4, 757),
(4, 758),
(4, 793),
(4, 803),
(4, 804),
(4, 848),
(4, 849),
(4, 890),
(4, 931),
(4, 936),
(4, 988),
(4, 1010),
(4, 1011),
(4, 1027),
(4, 1060),
(4, 1062),
(4, 1067),
(4, 1076),
(4, 1084),
(4, 1091),
(4, 1096),
(4, 1108),
(4, 1115),
(4, 1118),
(5, 27),
(5, 28),
(5, 31),
(5, 34),
(5, 50),
(5, 51),
(5, 74),
(5, 75),
(5, 76),
(5, 95),
(5, 104),
(5, 105),
(5, 111),
(5, 112),
(5, 194),
(5, 195),
(5, 207),
(5, 208),
(5, 220),
(5, 221),
(5, 231),
(5, 232),
(5, 246),
(5, 247),
(5, 259),
(5, 260),
(5, 290),
(5, 322),
(5, 323),
(5, 328),
(5, 329),
(5, 330),
(5, 339),
(5, 340),
(5, 343),
(5, 344),
(5, 383),
(5, 389),
(5, 423),
(5, 443),
(5, 444),
(5, 445),
(5, 449),
(5, 450),
(5, 464),
(5, 472),
(5, 473),
(5, 529),
(5, 530),
(5, 536),
(5, 537),
(5, 551),
(5, 552),
(5, 553),
(5, 618),
(5, 622),
(5, 623),
(5, 645),
(5, 660),
(5, 718),
(5, 749),
(5, 750),
(5, 769),
(5, 770),
(5, 843),
(5, 844),
(5, 867),
(5, 902),
(5, 919),
(5, 956),
(5, 962),
(5, 970),
(5, 976),
(5, 985),
(5, 1003),
(5, 1004),
(5, 1016),
(5, 1017),
(5, 1018),
(5, 1074),
(5, 1075),
(5, 1107),
(6, 74),
(6, 75),
(6, 76),
(6, 95),
(6, 111),
(6, 112),
(6, 138),
(6, 139),
(6, 140),
(6, 141),
(6, 142),
(6, 185),
(6, 213),
(6, 219),
(6, 222),
(6, 246),
(6, 247),
(6, 248),
(6, 299),
(6, 304),
(6, 305),
(6, 306),
(6, 337),
(6, 338),
(6, 345),
(6, 346),
(6, 347),
(6, 348),
(6, 369),
(6, 377),
(6, 408),
(6, 409),
(6, 410),
(6, 411),
(6, 438),
(6, 464),
(6, 476),
(6, 524),
(6, 525),
(6, 526),
(6, 557),
(6, 558),
(6, 564),
(6, 565),
(6, 566),
(6, 567),
(6, 639),
(6, 688),
(6, 689),
(6, 696),
(6, 697),
(6, 698),
(6, 699),
(6, 703),
(6, 719),
(6, 744),
(6, 745),
(6, 774),
(6, 793),
(6, 805),
(6, 834),
(6, 837),
(6, 838),
(6, 839),
(6, 874),
(6, 940),
(6, 947),
(6, 973),
(6, 1007),
(6, 1008),
(6, 1009),
(6, 1024),
(6, 1028),
(6, 1029),
(6, 1030),
(6, 1031),
(6, 1032),
(6, 1033),
(6, 1034),
(6, 1035),
(6, 1036),
(6, 1037),
(6, 1038),
(6, 1039),
(6, 1040),
(6, 1049),
(6, 1050),
(6, 1103),
(6, 1104),
(7, 10),
(7, 11),
(7, 12),
(7, 13),
(7, 14),
(7, 15),
(7, 46),
(7, 47),
(7, 48),
(7, 49),
(7, 123),
(7, 127),
(7, 165),
(7, 166),
(7, 167),
(7, 168),
(7, 193),
(7, 204),
(7, 205),
(7, 212),
(7, 213),
(7, 214),
(7, 265),
(7, 266),
(7, 267),
(7, 268),
(7, 269),
(7, 283),
(7, 284),
(7, 290),
(7, 291),
(7, 292),
(7, 313),
(7, 314),
(7, 347),
(7, 348),
(7, 401),
(7, 402),
(7, 412),
(7, 413),
(7, 414),
(7, 415),
(7, 416),
(7, 451),
(7, 469),
(7, 540),
(7, 541),
(7, 542),
(7, 543),
(7, 544),
(7, 545),
(7, 557),
(7, 558),
(7, 588),
(7, 589),
(7, 595),
(7, 596),
(7, 616),
(7, 617),
(7, 632),
(7, 636),
(7, 637),
(7, 649),
(7, 664),
(7, 665),
(7, 666),
(7, 736),
(7, 737),
(7, 738),
(7, 742),
(7, 743),
(7, 751),
(7, 752),
(7, 767),
(7, 768),
(7, 794),
(7, 795),
(7, 824),
(7, 825),
(7, 826),
(7, 850),
(7, 851),
(7, 872),
(7, 873),
(7, 902),
(7, 903),
(7, 938),
(7, 944),
(7, 945),
(7, 988),
(7, 1020),
(7, 1048),
(7, 1051),
(7, 1087),
(7, 1102),
(7, 1109),
(8, 92),
(8, 93),
(8, 94),
(8, 200),
(8, 292),
(8, 302),
(8, 353),
(8, 354),
(8, 355),
(8, 356),
(8, 425),
(8, 426),
(8, 429),
(8, 442),
(8, 477),
(8, 478),
(8, 479),
(8, 487),
(8, 562),
(8, 563),
(8, 592),
(8, 593),
(8, 607),
(8, 608),
(8, 609),
(8, 622),
(8, 623),
(8, 679),
(8, 680),
(8, 681),
(8, 708),
(8, 709),
(8, 710),
(8, 711),
(8, 720),
(8, 724),
(8, 769),
(8, 770),
(8, 778),
(8, 781),
(8, 792),
(8, 802),
(8, 806),
(8, 854),
(8, 855),
(8, 864),
(8, 867),
(8, 885),
(8, 886),
(8, 887),
(8, 897),
(8, 905),
(8, 924),
(8, 925),
(8, 926),
(8, 927),
(8, 928),
(8, 929),
(8, 930),
(8, 936),
(8, 954),
(8, 964),
(8, 1013),
(8, 1023),
(8, 1041),
(8, 1042),
(8, 1043),
(8, 1047),
(8, 1054),
(8, 1068),
(8, 1074),
(8, 1083),
(8, 1091),
(9, 81),
(9, 82),
(9, 205),
(9, 208),
(9, 212),
(9, 227),
(9, 303),
(9, 304),
(9, 305),
(9, 306),
(9, 374),
(9, 375),
(9, 376),
(9, 379),
(9, 385),
(9, 395),
(9, 410),
(9, 411),
(9, 436),
(9, 437),
(9, 448),
(9, 462),
(9, 476),
(9, 483),
(9, 485),
(9, 530),
(9, 589),
(9, 597),
(9, 598),
(9, 599),
(9, 600),
(9, 601),
(9, 624),
(9, 625),
(9, 632),
(9, 638),
(9, 649),
(9, 679),
(9, 680),
(9, 681),
(9, 707),
(9, 777),
(9, 791),
(9, 797),
(9, 798),
(9, 801),
(9, 805),
(9, 808),
(9, 809),
(9, 823),
(9, 863),
(9, 878),
(9, 879),
(9, 884),
(9, 903),
(9, 924),
(9, 944),
(9, 950),
(9, 951),
(9, 957),
(9, 970),
(9, 974),
(9, 999),
(9, 1000),
(9, 1003),
(9, 1004),
(9, 1045),
(9, 1052),
(9, 1053),
(9, 1056),
(9, 1075),
(9, 1079),
(9, 1080),
(9, 1097),
(9, 1101),
(9, 1113),
(9, 1114),
(10, 4),
(10, 5),
(10, 6),
(10, 37),
(10, 38),
(10, 58),
(10, 59),
(10, 77),
(10, 78),
(10, 126),
(10, 136),
(10, 146),
(10, 155),
(10, 156),
(10, 157),
(10, 218),
(10, 219),
(10, 228),
(10, 229),
(10, 240),
(10, 244),
(10, 250),
(10, 255),
(10, 256),
(10, 257),
(10, 322),
(10, 323),
(10, 324),
(10, 390),
(10, 391),
(10, 392),
(10, 467),
(10, 485),
(10, 494),
(10, 498),
(10, 499),
(10, 500),
(10, 513),
(10, 514),
(10, 554),
(10, 555),
(10, 607),
(10, 608),
(10, 609),
(10, 631),
(10, 636),
(10, 637),
(10, 643),
(10, 653),
(10, 654),
(10, 655),
(10, 662),
(10, 663),
(10, 667),
(10, 668),
(10, 721),
(10, 725),
(10, 726),
(10, 727),
(10, 741),
(10, 757),
(10, 758),
(10, 776),
(10, 806),
(10, 813),
(10, 814),
(10, 815),
(10, 838),
(10, 839),
(10, 850),
(10, 851),
(10, 906),
(10, 911),
(10, 915),
(10, 932),
(10, 933),
(10, 946),
(10, 948),
(10, 976),
(10, 985),
(10, 1013),
(10, 1027),
(10, 1047),
(10, 1073),
(10, 1085),
(10, 1099),
(10, 1104),
(10, 1109),
(11, 7),
(11, 8),
(11, 9),
(11, 54),
(11, 55),
(11, 60),
(11, 61),
(11, 62),
(11, 72),
(11, 73),
(11, 79),
(11, 80),
(11, 86),
(11, 87),
(11, 90),
(11, 91),
(11, 98),
(11, 99),
(11, 116),
(11, 117),
(11, 118),
(11, 119),
(11, 120),
(11, 121),
(11, 129),
(11, 130),
(11, 131),
(11, 134),
(11, 138),
(11, 139),
(11, 140),
(11, 141),
(11, 158),
(11, 159),
(11, 160),
(11, 170),
(11, 171),
(11, 183),
(11, 184),
(11, 186),
(11, 194),
(11, 195),
(11, 199),
(11, 211),
(11, 222),
(11, 223),
(11, 224),
(11, 226),
(11, 230),
(11, 245),
(11, 258),
(11, 259),
(11, 260),
(11, 270),
(11, 271),
(11, 272),
(11, 278),
(11, 279),
(11, 283),
(11, 318),
(11, 319),
(11, 320),
(11, 321),
(11, 339),
(11, 340),
(11, 341),
(11, 342),
(11, 349),
(11, 350),
(11, 363),
(11, 364),
(11, 365),
(11, 366),
(11, 367),
(11, 368),
(11, 369),
(11, 370),
(11, 382),
(11, 393),
(11, 394),
(11, 395),
(11, 400),
(11, 418),
(11, 419),
(11, 422),
(11, 423),
(11, 456),
(11, 457),
(11, 458),
(11, 484),
(11, 489),
(11, 490),
(11, 501),
(11, 502),
(11, 503),
(11, 515),
(11, 516),
(11, 535),
(11, 536),
(11, 537),
(11, 550),
(11, 564),
(11, 565),
(11, 580),
(11, 581),
(11, 592),
(11, 593),
(11, 594),
(11, 647),
(11, 656),
(11, 657),
(11, 658),
(11, 688),
(11, 689),
(11, 690),
(11, 692),
(11, 693),
(11, 721),
(11, 728),
(11, 729),
(11, 730),
(11, 746),
(11, 747),
(11, 748),
(11, 751),
(11, 752),
(11, 767),
(11, 768),
(11, 771),
(11, 779),
(11, 788),
(11, 816),
(11, 817),
(11, 818),
(11, 833),
(11, 834),
(11, 845),
(11, 846),
(11, 847),
(11, 882),
(11, 883),
(11, 907),
(11, 912),
(11, 914),
(11, 922),
(11, 934),
(11, 939),
(11, 962),
(11, 968),
(11, 969),
(11, 975),
(11, 1014),
(11, 1015),
(11, 1025),
(11, 1051),
(11, 1081),
(11, 1086),
(11, 1092),
(11, 1093),
(11, 1100),
(11, 1103),
(11, 1117),
(12, 1),
(12, 2),
(12, 3),
(12, 43),
(12, 44),
(12, 45),
(12, 46),
(12, 47),
(12, 69),
(12, 70),
(12, 71),
(12, 102),
(12, 103),
(12, 114),
(12, 152),
(12, 153),
(12, 154),
(12, 182),
(12, 187),
(12, 188),
(12, 189),
(12, 191),
(12, 192),
(12, 251),
(12, 252),
(12, 253),
(12, 254),
(12, 270),
(12, 271),
(12, 272),
(12, 273),
(12, 274),
(12, 275),
(12, 285),
(12, 286),
(12, 315),
(12, 331),
(12, 332),
(12, 345),
(12, 346),
(12, 357),
(12, 387),
(12, 388),
(12, 389),
(12, 406),
(12, 407),
(12, 413),
(12, 420),
(12, 421),
(12, 455),
(12, 459),
(12, 460),
(12, 465),
(12, 470),
(12, 492),
(12, 495),
(12, 496),
(12, 497),
(12, 511),
(12, 512),
(12, 540),
(12, 541),
(12, 542),
(12, 546),
(12, 547),
(12, 548),
(12, 549),
(12, 556),
(12, 585),
(12, 586),
(12, 590),
(12, 591),
(12, 597),
(12, 598),
(12, 640),
(12, 650),
(12, 651),
(12, 652),
(12, 672),
(12, 673),
(12, 708),
(12, 709),
(12, 710),
(12, 711),
(12, 722),
(12, 723),
(12, 724),
(12, 753),
(12, 754),
(12, 755),
(12, 756),
(12, 761),
(12, 762),
(12, 763),
(12, 781),
(12, 787),
(12, 798),
(12, 810),
(12, 811),
(12, 812),
(12, 829),
(12, 830),
(12, 840),
(12, 841),
(12, 842),
(12, 893),
(12, 898),
(12, 904),
(12, 910),
(12, 925),
(12, 926),
(12, 927),
(12, 928),
(12, 929),
(12, 930),
(12, 931),
(12, 958),
(12, 963),
(12, 1012),
(12, 1026),
(12, 1084),
(12, 1098),
(12, 1105),
(12, 1106),
(13, 25),
(13, 26),
(13, 81),
(13, 82),
(13, 100),
(13, 101),
(13, 125),
(13, 135),
(13, 145),
(13, 170),
(13, 171),
(13, 172),
(13, 179),
(13, 180),
(13, 181),
(13, 239),
(13, 243),
(13, 309),
(13, 310),
(13, 311),
(13, 312),
(13, 403),
(13, 404),
(13, 405),
(13, 417),
(13, 462),
(13, 466),
(13, 479),
(13, 522),
(13, 523),
(13, 587),
(13, 595),
(13, 596),
(13, 602),
(13, 603),
(13, 604),
(13, 618),
(13, 642),
(13, 644),
(13, 694),
(13, 695),
(13, 702),
(13, 737),
(13, 738),
(13, 777),
(13, 785),
(13, 796),
(13, 807),
(13, 835),
(13, 836),
(13, 848),
(13, 849),
(13, 871),
(13, 877),
(13, 880),
(13, 881),
(13, 894),
(13, 906),
(13, 907),
(13, 908),
(13, 909),
(13, 910),
(13, 918),
(13, 943),
(13, 953),
(13, 978),
(13, 979),
(13, 980),
(13, 981),
(13, 982),
(13, 983),
(13, 992),
(13, 993),
(13, 994),
(13, 995),
(13, 996),
(13, 997),
(13, 998),
(13, 1007),
(13, 1008),
(13, 1009),
(13, 1020),
(13, 1021),
(13, 1046),
(13, 1052),
(13, 1076),
(13, 1088),
(13, 1108),
(13, 1118),
(14, 63),
(14, 64),
(14, 65),
(14, 79),
(14, 80),
(14, 96),
(14, 97),
(14, 102),
(14, 103),
(14, 121),
(14, 122),
(14, 124),
(14, 150),
(14, 151),
(14, 177),
(14, 178),
(14, 196),
(14, 199),
(14, 201),
(14, 202),
(14, 203),
(14, 238),
(14, 249),
(14, 251),
(14, 280),
(14, 281),
(14, 282),
(14, 307),
(14, 308),
(14, 325),
(14, 326),
(14, 337),
(14, 338),
(14, 343),
(14, 344),
(14, 358),
(14, 360),
(14, 374),
(14, 375),
(14, 376),
(14, 380),
(14, 381),
(14, 385),
(14, 386),
(14, 433),
(14, 436),
(14, 437),
(14, 439),
(14, 475),
(14, 480),
(14, 481),
(14, 482),
(14, 488),
(14, 494),
(14, 517),
(14, 518),
(14, 527),
(14, 528),
(14, 561),
(14, 574),
(14, 575),
(14, 576),
(14, 577),
(14, 578),
(14, 579),
(14, 605),
(14, 606),
(14, 648),
(14, 655),
(14, 677),
(14, 678),
(14, 686),
(14, 687),
(14, 720),
(14, 765),
(14, 779),
(14, 786),
(14, 789),
(14, 790),
(14, 791),
(14, 792),
(14, 800),
(14, 825),
(14, 826),
(14, 856),
(14, 857),
(14, 858),
(14, 866),
(14, 876),
(14, 898),
(14, 899),
(14, 900),
(14, 901),
(14, 915),
(14, 923),
(14, 935),
(14, 941),
(14, 942),
(14, 949),
(14, 952),
(14, 960),
(14, 961),
(14, 966),
(14, 969),
(14, 974),
(14, 984),
(14, 998),
(14, 1022),
(14, 1053),
(14, 1054),
(14, 1055),
(14, 1057),
(14, 1058),
(14, 1059),
(14, 1060),
(14, 1063),
(14, 1064),
(14, 1067),
(14, 1078),
(14, 1082),
(14, 1083),
(14, 1102),
(14, 1110),
(15, 87),
(15, 91),
(15, 124),
(15, 131),
(15, 144),
(15, 215),
(15, 220),
(15, 221),
(15, 225),
(15, 238),
(15, 361),
(15, 362),
(15, 363),
(15, 364),
(15, 365),
(15, 378),
(15, 459),
(15, 460),
(15, 461),
(15, 471),
(15, 473),
(15, 478),
(15, 582),
(15, 583),
(15, 584),
(15, 613),
(15, 614),
(15, 615),
(15, 646),
(15, 698),
(15, 699),
(15, 712),
(15, 713),
(15, 740),
(15, 866),
(15, 872),
(15, 873),
(15, 875),
(15, 881),
(15, 883),
(15, 896),
(15, 908),
(15, 913),
(15, 920),
(15, 921),
(15, 958),
(15, 972),
(15, 999),
(15, 1000),
(15, 1001),
(15, 1002),
(15, 1063),
(15, 1071),
(15, 1072),
(15, 1073),
(15, 1077),
(15, 1082),
(15, 1093),
(16, 147),
(16, 148),
(16, 149),
(16, 230),
(16, 329),
(16, 330),
(16, 334),
(16, 371),
(16, 372),
(16, 373),
(16, 380),
(16, 381),
(16, 384),
(16, 443),
(16, 444),
(16, 445),
(16, 483),
(16, 484),
(16, 487),
(16, 610),
(16, 611),
(16, 612),
(16, 621),
(16, 633),
(16, 634),
(16, 635),
(16, 643),
(16, 644),
(16, 646),
(16, 691),
(16, 696),
(16, 697),
(16, 704),
(16, 705),
(16, 706),
(16, 714),
(16, 715),
(16, 718),
(16, 776),
(16, 780),
(16, 782),
(16, 783),
(16, 784),
(16, 799),
(16, 804),
(16, 840),
(16, 841),
(16, 842),
(16, 880),
(16, 882),
(16, 884),
(16, 885),
(16, 886),
(16, 887),
(16, 890),
(16, 895),
(16, 905),
(16, 920),
(16, 921),
(16, 932),
(16, 943),
(16, 956),
(16, 960),
(16, 961),
(16, 963),
(16, 965),
(16, 977),
(16, 987),
(16, 1012),
(16, 1016),
(16, 1017),
(16, 1018),
(16, 1044),
(16, 1055),
(16, 1105),
(16, 1106),
(16, 1114),
(16, 1115),
(17, 197),
(17, 198),
(17, 215),
(17, 228),
(17, 229),
(17, 248),
(17, 261),
(17, 262),
(17, 274),
(17, 275),
(17, 302),
(17, 318),
(17, 319),
(17, 332),
(17, 342),
(17, 359),
(17, 430),
(17, 434),
(17, 435),
(17, 442),
(17, 452),
(17, 461),
(17, 491),
(17, 509),
(17, 510),
(17, 551),
(17, 552),
(17, 553),
(17, 559),
(17, 560),
(17, 570),
(17, 571),
(17, 624),
(17, 625),
(17, 629),
(17, 630),
(17, 633),
(17, 634),
(17, 635),
(17, 658),
(17, 675),
(17, 686),
(17, 687),
(17, 717),
(17, 727),
(17, 799),
(17, 827),
(17, 828),
(17, 859),
(17, 860),
(17, 861),
(17, 862),
(17, 877),
(17, 892),
(17, 893),
(17, 939),
(17, 946),
(17, 947),
(17, 955),
(17, 964),
(17, 968),
(17, 984),
(17, 989),
(17, 990),
(17, 991),
(17, 1005),
(17, 1006),
(17, 1010),
(17, 1011),
(17, 1014),
(17, 1015),
(17, 1066),
(17, 1069),
(17, 1070),
(17, 1111),
(17, 1116),
(18, 35),
(18, 36),
(18, 39),
(18, 40),
(18, 122),
(18, 173),
(18, 174),
(18, 175),
(18, 176),
(18, 183),
(18, 184),
(18, 209),
(18, 210),
(18, 280),
(18, 281),
(18, 282),
(18, 298),
(18, 303),
(18, 439),
(18, 468),
(18, 546),
(18, 547),
(18, 669),
(18, 670),
(18, 671),
(18, 682),
(18, 683),
(18, 684),
(18, 685),
(18, 700),
(18, 702),
(18, 703),
(18, 707),
(18, 716),
(18, 719),
(18, 730),
(18, 742),
(18, 743),
(18, 755),
(18, 756),
(18, 764),
(18, 778),
(18, 785),
(18, 786),
(18, 787),
(18, 788),
(18, 801),
(18, 858),
(18, 859),
(18, 860),
(18, 861),
(18, 868),
(18, 869),
(18, 888),
(18, 949),
(18, 950),
(18, 959),
(18, 965),
(18, 967),
(18, 973),
(18, 1002),
(18, 1041),
(18, 1042),
(18, 1043),
(18, 1045),
(18, 1048),
(18, 1058),
(18, 1062),
(18, 1079),
(18, 1110),
(18, 1111),
(18, 1112);

-- --------------------------------------------------------

--
-- Structure de la table `team`
--

CREATE TABLE `team` (
  `idteam` int(11) NOT NULL,
  `teamName` varchar(100) NOT NULL
) ENGINE=InnoDB DEFAULT CHARSET=utf8mb4;

-- --------------------------------------------------------

--
-- Structure de la table `team_has_pokemon`
--

CREATE TABLE `team_has_pokemon` (
  `team_idteam` int(11) NOT NULL,
  `pokemon_idpokemon` int(11) NOT NULL
) ENGINE=InnoDB DEFAULT CHARSET=utf8mb4;

-- --------------------------------------------------------

--
-- Structure de la table `type`
--

CREATE TABLE `type` (
  `idtype` int(11) NOT NULL,
  `name` varchar(45) NOT NULL
) ENGINE=InnoDB DEFAULT CHARSET=utf8mb4;

--
-- Déchargement des données de la table `type`
--

INSERT INTO `type` (`idtype`, `name`) VALUES
(1, 'normal'),
(2, 'fighting'),
(3, 'flying'),
(4, 'poison'),
(5, 'ground'),
(6, 'rock'),
(7, 'bug'),
(8, 'ghost'),
(9, 'steel'),
(10, 'fire'),
(11, 'water'),
(12, 'grass'),
(13, 'electric'),
(14, 'psychic'),
(15, 'ice'),
(16, 'dragon'),
(17, 'dark'),
(18, 'fairy'),
(10001, 'unknown'),
(10002, 'shadow');

--
-- Index pour les tables déchargées
--

--
-- Index pour la table `pokemon`
--
ALTER TABLE `pokemon`
  ADD PRIMARY KEY (`idpokemon`);

--
-- Index pour la table `pokemon_has_type`
--
ALTER TABLE `pokemon_has_type`
  ADD PRIMARY KEY (`type_idtype`,`pokemon_idpokemon`),
  ADD KEY `fk_type_has_pokemon_pokemon1` (`pokemon_idpokemon`);

--
-- Index pour la table `team`
--
ALTER TABLE `team`
  ADD PRIMARY KEY (`idteam`);

--
-- Index pour la table `team_has_pokemon`
--
ALTER TABLE `team_has_pokemon`
  ADD PRIMARY KEY (`team_idteam`,`pokemon_idpokemon`),
  ADD KEY `fk_team_has_pokemon_pokemon1` (`pokemon_idpokemon`);

--
-- Index pour la table `type`
--
ALTER TABLE `type`
  ADD PRIMARY KEY (`idtype`);

--
-- AUTO_INCREMENT pour les tables déchargées
--

--
-- AUTO_INCREMENT pour la table `team`
--
ALTER TABLE `team`
  MODIFY `idteam` int(11) NOT NULL AUTO_INCREMENT;

--
-- Contraintes pour les tables déchargées
--

--
-- Contraintes pour la table `pokemon_has_type`
--
ALTER TABLE `pokemon_has_type`
  ADD CONSTRAINT `fk_type_has_pokemon_pokemon1` FOREIGN KEY (`pokemon_idpokemon`) REFERENCES `pokemon` (`idpokemon`) ON DELETE NO ACTION ON UPDATE NO ACTION,
  ADD CONSTRAINT `fk_type_has_pokemon_type1` FOREIGN KEY (`type_idtype`) REFERENCES `type` (`idtype`) ON DELETE NO ACTION ON UPDATE NO ACTION;

--
-- Contraintes pour la table `team_has_pokemon`
--
ALTER TABLE `team_has_pokemon`
  ADD CONSTRAINT `fk_team_has_pokemon_pokemon1` FOREIGN KEY (`pokemon_idpokemon`) REFERENCES `pokemon` (`idpokemon`) ON DELETE NO ACTION ON UPDATE NO ACTION,
  ADD CONSTRAINT `fk_team_has_pokemon_team` FOREIGN KEY (`team_idteam`) REFERENCES `team` (`idteam`) ON DELETE NO ACTION ON UPDATE NO ACTION;
COMMIT;

/*!40101 SET CHARACTER_SET_CLIENT=@OLD_CHARACTER_SET_CLIENT */;
/*!40101 SET CHARACTER_SET_RESULTS=@OLD_CHARACTER_SET_RESULTS */;
/*!40101 SET COLLATION_CONNECTION=@OLD_COLLATION_CONNECTION */;
